"","cod_dane","name_muni","poblacion"
"41","05001","Antioquia","12529"
"42","05002","Antioquia","26"
"43","05004","Antioquia","18"
"44","05021","Antioquia","13"
"45","05030","Antioquia","134"
"46","05031","Antioquia","124"
"47","05034","Antioquia","1117"
"48","05036","Antioquia","14"
"49","05038","Antioquia","0"
"50","05040","Antioquia","25"
"51","05042","Antioquia","250"
"52","05044","Antioquia","2"
"53","05045","Antioquia","1073"
"54","05051","Antioquia","10"
"55","05055","Antioquia","19"
"56","05059","Antioquia","2"
"57","05079","Antioquia","136"
"58","05086","Antioquia","0"
"59","05088","Antioquia","4241"
"60","05091","Antioquia","0"
"61","05093","Antioquia","28"
"62","05101","Antioquia","275"
"63","05107","Antioquia","0"
"64","05113","Antioquia","41"
"65","05120","Antioquia","340"
"66","05125","Antioquia","3"
"67","05129","Antioquia","289"
"68","05134","Antioquia","30"
"69","05138","Antioquia","33"
"70","05142","Antioquia","12"
"71","05145","Antioquia","0"
"72","05147","Antioquia","636"
"73","05148","Antioquia","343"
"74","05150","Antioquia","23"
"75","05154","Antioquia","258"
"76","05172","Antioquia","6"
"77","05190","Antioquia","19"
"78","05197","Antioquia","40"
"79","05206","Antioquia","35"
"80","05209","Antioquia","32"
"81","05212","Antioquia","401"
"82","05234","Antioquia","39"
"83","05237","Antioquia","45"
"84","05240","Antioquia","15"
"85","05250","Antioquia","93"
"86","05264","Antioquia","41"
"87","05266","Antioquia","879"
"88","05282","Antioquia","46"
"89","05284","Antioquia","45"
"90","05306","Antioquia","0"
"91","05308","Antioquia","735"
"92","05310","Antioquia","23"
"93","05313","Antioquia","1"
"94","05315","Antioquia","0"
"95","05318","Antioquia","466"
"96","05321","Antioquia","40"
"97","05347","Antioquia","0"
"98","05353","Antioquia","0"
"99","05360","Antioquia","1756"
"100","05361","Antioquia","5341"
"101","05364","Antioquia","88"
"102","05368","Antioquia","211"
"103","05376","Antioquia","599"
"104","05380","Antioquia","879"
"105","05390","Antioquia","0"
"106","05400","Antioquia","31"
"107","05411","Antioquia","26"
"108","05425","Antioquia","5"
"109","05440","Antioquia","5"
"110","05467","Antioquia","0"
"111","05475","Antioquia","0"
"112","05480","Antioquia","5"
"113","05483","Antioquia","4"
"114","05490","Antioquia","0"
"115","05495","Antioquia","36"
"116","05501","Antioquia","0"
"117","05541","Antioquia","14"
"118","05543","Antioquia","14"
"119","05576","Antioquia","0"
"120","05579","Antioquia","1010"
"121","05585","Antioquia","34"
"122","05591","Antioquia","1741"
"123","05604","Antioquia","11"
"124","05607","Antioquia","132"
"125","05615","Antioquia","1549"
"126","05628","Antioquia","20"
"127","05631","Antioquia","167"
"128","05642","Antioquia","53"
"129","05647","Antioquia","0"
"130","05649","Antioquia","107"
"131","05652","Antioquia","142"
"132","05656","Antioquia","25"
"133","05658","Antioquia","0"
"134","05659","Antioquia","0"
"135","05660","Antioquia","21"
"136","05664","Antioquia","99"
"137","05665","Antioquia","463"
"138","05667","Antioquia","21"
"139","05670","Antioquia","42"
"140","05674","Antioquia","64"
"141","05679","Antioquia","194"
"142","05686","Antioquia","717"
"143","05690","Antioquia","266"
"144","05697","Antioquia","56"
"145","05736","Antioquia","380"
"146","05756","Antioquia","263"
"147","05761","Antioquia","39"
"148","05789","Antioquia","198"
"149","05790","Antioquia","97"
"150","05792","Antioquia","17"
"151","05809","Antioquia","137"
"152","05819","Antioquia","8"
"153","05837","Antioquia","222"
"154","05842","Antioquia","0"
"155","05847","Antioquia","144"
"156","05854","Antioquia","0"
"157","05856","Antioquia","17"
"158","05858","Antioquia","0"
"159","05861","Antioquia","59"
"160","05873","Antioquia","13"
"161","05885","Antioquia","0"
"162","05887","Antioquia","495"
"163","05890","Antioquia","95"
"164","05893","Antioquia","104"
"165","05895","Antioquia","15"
"166","08001","Atlántico","4613"
"167","08078","Atlántico","81"
"168","08137","Atlántico","0"
"169","08141","Atlántico","0"
"170","08296","Atlántico","109"
"171","08372","Atlántico","0"
"172","08421","Atlántico","0"
"173","08433","Atlántico","216"
"174","08436","Atlántico","0"
"175","08520","Atlántico","11"
"176","08549","Atlántico","0"
"177","08558","Atlántico","1"
"178","08560","Atlántico","8"
"179","08573","Atlántico","157"
"180","08606","Atlántico","0"
"181","08634","Atlántico","35"
"182","08638","Atlántico","197"
"183","08675","Atlántico","0"
"184","08685","Atlántico","58"
"185","08758","Atlántico","345"
"186","08770","Atlántico","0"
"187","08832","Atlántico","0"
"188","08849","Atlántico","0"
"189","11001","Bogotá, D.C.","31929"
"190","13001","Bolívar","3862"
"191","13006","Bolívar","15"
"192","13030","Bolívar","0"
"193","13042","Bolívar","0"
"194","13052","Bolívar","18"
"195","13062","Bolívar","0"
"196","13074","Bolívar","0"
"197","13140","Bolívar","0"
"198","13160","Bolívar","0"
"199","13188","Bolívar","0"
"200","13212","Bolívar","20"
"201","13222","Bolívar","0"
"202","13244","Bolívar","85"
"203","13248","Bolívar","0"
"204","13268","Bolívar","0"
"205","13300","Bolívar","0"
"206","13430","Bolívar","532"
"207","13433","Bolívar","303"
"208","13440","Bolívar","0"
"209","13442","Bolívar","3"
"210","13458","Bolívar","0"
"211","13468","Bolívar","8"
"212","13473","Bolívar","0"
"213","13490","Bolívar","11"
"214","13549","Bolívar","0"
"215","13580","Bolívar","0"
"216","13600","Bolívar","0"
"217","13620","Bolívar","0"
"218","13647","Bolívar","0"
"219","13650","Bolívar","0"
"220","13654","Bolívar","25"
"221","13655","Bolívar","0"
"222","13657","Bolívar","26"
"223","13667","Bolívar","3"
"224","13670","Bolívar","149"
"225","13673","Bolívar","0"
"226","13683","Bolívar","0"
"227","13688","Bolívar","541"
"228","13744","Bolívar","89"
"229","13760","Bolívar","0"
"230","13780","Bolívar","0"
"231","13810","Bolívar","21"
"232","13836","Bolívar","287"
"233","13838","Bolívar","6"
"234","13873","Bolívar","0"
"235","13894","Bolívar","0"
"236","15001","Boyacá","1141"
"237","15022","Boyacá","0"
"238","15047","Boyacá","0"
"239","15051","Boyacá","18"
"240","15087","Boyacá","0"
"241","15090","Boyacá","11"
"242","15092","Boyacá","0"
"243","15097","Boyacá","92"
"244","15104","Boyacá","0"
"245","15106","Boyacá","11"
"246","15109","Boyacá","0"
"247","15114","Boyacá","7"
"248","15131","Boyacá","1"
"249","15135","Boyacá","0"
"250","15162","Boyacá","0"
"251","15172","Boyacá","20"
"252","15176","Boyacá","907"
"253","15180","Boyacá","0"
"254","15183","Boyacá","43"
"255","15185","Boyacá","0"
"256","15187","Boyacá","0"
"257","15189","Boyacá","0"
"258","15204","Boyacá","3295"
"259","15212","Boyacá","0"
"260","15215","Boyacá","0"
"261","15218","Boyacá","34"
"262","15223","Boyacá","222"
"263","15224","Boyacá","0"
"264","15226","Boyacá","0"
"265","15232","Boyacá","0"
"266","15236","Boyacá","0"
"267","15238","Boyacá","869"
"268","15244","Boyacá","47"
"269","15248","Boyacá","118"
"270","15272","Boyacá","0"
"271","15276","Boyacá","2"
"272","15293","Boyacá","0"
"273","15296","Boyacá","0"
"274","15299","Boyacá","168"
"275","15317","Boyacá","26"
"276","15322","Boyacá","98"
"277","15325","Boyacá","23"
"278","15332","Boyacá","1"
"279","15362","Boyacá","0"
"280","15367","Boyacá","25"
"281","15368","Boyacá","0"
"282","15377","Boyacá","0"
"283","15380","Boyacá","16"
"284","15401","Boyacá","0"
"285","15403","Boyacá","98"
"286","15407","Boyacá","139"
"287","15425","Boyacá","52"
"288","15442","Boyacá","0"
"289","15455","Boyacá","75"
"290","15464","Boyacá","0"
"291","15466","Boyacá","0"
"292","15469","Boyacá","181"
"293","15476","Boyacá","27"
"294","15480","Boyacá","362"
"295","15491","Boyacá","0"
"296","15494","Boyacá","17"
"297","15500","Boyacá","0"
"298","15507","Boyacá","8"
"299","15511","Boyacá","14"
"300","15514","Boyacá","5"
"301","15516","Boyacá","44"
"302","15518","Boyacá","11"
"303","15522","Boyacá","25"
"304","15531","Boyacá","0"
"305","15533","Boyacá","0"
"306","15537","Boyacá","7"
"307","15542","Boyacá","0"
"308","15550","Boyacá","0"
"309","15572","Boyacá","708"
"310","15580","Boyacá","0"
"311","15599","Boyacá","199"
"312","15600","Boyacá","10"
"313","15621","Boyacá","18"
"314","15632","Boyacá","0"
"315","15638","Boyacá","0"
"316","15646","Boyacá","57"
"317","15660","Boyacá","14"
"318","15664","Boyacá","0"
"319","15667","Boyacá","17"
"320","15673","Boyacá","0"
"321","15676","Boyacá","0"
"322","15681","Boyacá","12"
"323","15686","Boyacá","15"
"324","15690","Boyacá","16"
"325","15693","Boyacá","480"
"326","15696","Boyacá","35"
"327","15720","Boyacá","79"
"328","15723","Boyacá","4"
"329","15740","Boyacá","0"
"330","15753","Boyacá","82"
"331","15755","Boyacá","11"
"332","15757","Boyacá","12"
"333","15759","Boyacá","959"
"334","15761","Boyacá","13"
"335","15762","Boyacá","0"
"336","15763","Boyacá","0"
"337","15764","Boyacá","46"
"338","15774","Boyacá","0"
"339","15776","Boyacá","0"
"340","15778","Boyacá","20"
"341","15790","Boyacá","10"
"342","15798","Boyacá","35"
"343","15804","Boyacá","21"
"344","15806","Boyacá","4"
"345","15808","Boyacá","0"
"346","15810","Boyacá","0"
"347","15814","Boyacá","0"
"348","15816","Boyacá","0"
"349","15820","Boyacá","0"
"350","15822","Boyacá","0"
"351","15832","Boyacá","0"
"352","15835","Boyacá","21"
"353","15837","Boyacá","11"
"354","15839","Boyacá","0"
"355","15842","Boyacá","0"
"356","15861","Boyacá","10"
"357","15879","Boyacá","0"
"358","15897","Boyacá","29"
"359","17001","Caldas","4618"
"360","17013","Caldas","187"
"361","17042","Caldas","373"
"362","17050","Caldas","0"
"363","17088","Caldas","29"
"364","17174","Caldas","186"
"365","17272","Caldas","17"
"366","17380","Caldas","1716"
"367","17388","Caldas","1"
"368","17433","Caldas","30"
"369","17442","Caldas","0"
"370","17444","Caldas","67"
"371","17446","Caldas","0"
"372","17486","Caldas","140"
"373","17495","Caldas","3"
"374","17513","Caldas","140"
"375","17524","Caldas","70"
"376","17541","Caldas","235"
"377","17614","Caldas","317"
"378","17616","Caldas","0"
"379","17653","Caldas","318"
"380","17662","Caldas","42"
"381","17665","Caldas","8"
"382","17777","Caldas","0"
"383","17867","Caldas","24"
"384","17873","Caldas","160"
"385","17877","Caldas","7"
"386","18001","Caquetá","4315"
"387","18029","Caquetá","151"
"388","18094","Caquetá","346"
"389","18150","Caquetá","672"
"390","18205","Caquetá","139"
"391","18247","Caquetá","203"
"392","18256","Caquetá","192"
"393","18410","Caquetá","604"
"394","18460","Caquetá","527"
"395","18479","Caquetá","0"
"396","18592","Caquetá","779"
"397","18610","Caquetá","399"
"398","18753","Caquetá","1596"
"399","18756","Caquetá","744"
"400","18785","Caquetá","189"
"401","18860","Caquetá","404"
"402","19001","Cauca","4369"
"403","19022","Cauca","0"
"404","19050","Cauca","211"
"405","19075","Cauca","6"
"406","19100","Cauca","212"
"407","19110","Cauca","21"
"408","19130","Cauca","2"
"409","19137","Cauca","253"
"410","19142","Cauca","152"
"411","19212","Cauca","342"
"412","19256","Cauca","179"
"413","19290","Cauca","0"
"414","19300","Cauca","0"
"415","19318","Cauca","262"
"416","19355","Cauca","81"
"417","19364","Cauca","0"
"418","19392","Cauca","0"
"419","19397","Cauca","0"
"420","19418","Cauca","37"
"421","19450","Cauca","18"
"422","19455","Cauca","122"
"423","19473","Cauca","0"
"424","19513","Cauca","0"
"425","19517","Cauca","67"
"426","19532","Cauca","225"
"427","19533","Cauca","1"
"428","19548","Cauca","85"
"429","19573","Cauca","224"
"430","19585","Cauca","27"
"431","19622","Cauca","0"
"432","19693","Cauca","37"
"433","19698","Cauca","684"
"434","19701","Cauca","70"
"435","19743","Cauca","128"
"436","19760","Cauca","37"
"437","19780","Cauca","66"
"438","19785","Cauca","0"
"439","19807","Cauca","47"
"440","19809","Cauca","4"
"441","19821","Cauca","0"
"442","19824","Cauca","0"
"443","19845","Cauca","0"
"444","20001","Cesar","3713"
"445","20011","Cesar","330"
"446","20013","Cesar","146"
"447","20032","Cesar","0"
"448","20045","Cesar","3"
"449","20060","Cesar","32"
"450","20175","Cesar","17"
"451","20178","Cesar","30"
"452","20228","Cesar","5"
"453","20238","Cesar","0"
"454","20250","Cesar","0"
"455","20295","Cesar","0"
"456","20310","Cesar","19"
"457","20383","Cesar","210"
"458","20400","Cesar","250"
"459","20443","Cesar","11"
"460","20517","Cesar","0"
"461","20550","Cesar","10"
"462","20570","Cesar","166"
"463","20614","Cesar","0"
"464","20621","Cesar","4"
"465","20710","Cesar","47"
"466","20750","Cesar","1"
"467","20770","Cesar","0"
"468","20787","Cesar","0"
"469","23001","Córdoba","2444"
"470","23068","Córdoba","0"
"471","23079","Córdoba","0"
"472","23090","Córdoba","0"
"473","23162","Córdoba","87"
"474","23168","Córdoba","0"
"475","23182","Córdoba","4"
"476","23189","Córdoba","0"
"477","23300","Córdoba","0"
"478","23350","Córdoba","9"
"479","23417","Córdoba","55"
"480","23419","Córdoba","0"
"481","23464","Córdoba","0"
"482","23466","Córdoba","52"
"483","23500","Córdoba","0"
"484","23555","Córdoba","14"
"485","23570","Córdoba","0"
"486","23574","Córdoba","0"
"487","23580","Córdoba","59"
"488","23586","Córdoba","3"
"489","23660","Córdoba","10"
"490","23670","Córdoba","5"
"491","23672","Córdoba","0"
"492","23675","Córdoba","0"
"493","23678","Córdoba","0"
"494","23682","Córdoba","0"
"495","23686","Córdoba","3"
"496","23807","Córdoba","765"
"497","23815","Córdoba","0"
"498","23855","Córdoba","13"
"499","25001","Cundinamarca","321"
"500","25019","Cundinamarca","216"
"501","25035","Cundinamarca","111"
"502","25040","Cundinamarca","84"
"503","25053","Cundinamarca","392"
"504","25086","Cundinamarca","1"
"505","25095","Cundinamarca","1"
"506","25099","Cundinamarca","21"
"507","25120","Cundinamarca","242"
"508","25123","Cundinamarca","7"
"509","25126","Cundinamarca","577"
"510","25148","Cundinamarca","35"
"511","25151","Cundinamarca","159"
"512","25154","Cundinamarca","20"
"513","25168","Cundinamarca","0"
"514","25175","Cundinamarca","860"
"515","25178","Cundinamarca","9"
"516","25181","Cundinamarca","31"
"517","25183","Cundinamarca","214"
"518","25200","Cundinamarca","301"
"519","25214","Cundinamarca","504"
"520","25224","Cundinamarca","11"
"521","25245","Cundinamarca","246"
"522","25258","Cundinamarca","0"
"523","25260","Cundinamarca","14"
"524","25269","Cundinamarca","1160"
"525","25279","Cundinamarca","0"
"526","25281","Cundinamarca","17"
"527","25286","Cundinamarca","184"
"528","25288","Cundinamarca","1"
"529","25290","Cundinamarca","2997"
"530","25293","Cundinamarca","35"
"531","25295","Cundinamarca","32"
"532","25297","Cundinamarca","138"
"533","25299","Cundinamarca","23"
"534","25307","Cundinamarca","1358"
"535","25312","Cundinamarca","23"
"536","25317","Cundinamarca","2"
"537","25320","Cundinamarca","3057"
"538","25322","Cundinamarca","38"
"539","25324","Cundinamarca","3"
"540","25326","Cundinamarca","3"
"541","25328","Cundinamarca","0"
"542","25335","Cundinamarca","0"
"543","25339","Cundinamarca","0"
"544","25368","Cundinamarca","1"
"545","25372","Cundinamarca","37"
"546","25377","Cundinamarca","96"
"547","25386","Cundinamarca","490"
"548","25394","Cundinamarca","0"
"549","25398","Cundinamarca","23"
"550","25402","Cundinamarca","31"
"551","25407","Cundinamarca","11"
"552","25426","Cundinamarca","35"
"553","25430","Cundinamarca","811"
"554","25436","Cundinamarca","26"
"555","25438","Cundinamarca","12"
"556","25473","Cundinamarca","13"
"557","25483","Cundinamarca","1"
"558","25486","Cundinamarca","0"
"559","25488","Cundinamarca","3595"
"560","25489","Cundinamarca","27"
"561","25491","Cundinamarca","17"
"562","25506","Cundinamarca","24"
"563","25513","Cundinamarca","79"
"564","25518","Cundinamarca","11"
"565","25524","Cundinamarca","1"
"566","25530","Cundinamarca","42"
"567","25535","Cundinamarca","0"
"568","25572","Cundinamarca","328"
"569","25580","Cundinamarca","1"
"570","25592","Cundinamarca","6"
"571","25594","Cundinamarca","1"
"572","25596","Cundinamarca","4"
"573","25599","Cundinamarca","3"
"574","25612","Cundinamarca","1"
"575","25645","Cundinamarca","12"
"576","25649","Cundinamarca","13"
"577","25653","Cundinamarca","0"
"578","25658","Cundinamarca","268"
"579","25662","Cundinamarca","53"
"580","25718","Cundinamarca","508"
"581","25736","Cundinamarca","19"
"582","25740","Cundinamarca","1292"
"583","25743","Cundinamarca","33"
"584","25745","Cundinamarca","37"
"585","25754","Cundinamarca","437"
"586","25758","Cundinamarca","59"
"587","25769","Cundinamarca","14"
"588","25772","Cundinamarca","6"
"589","25777","Cundinamarca","0"
"590","25779","Cundinamarca","0"
"591","25781","Cundinamarca","0"
"592","25785","Cundinamarca","37"
"593","25793","Cundinamarca","41"
"594","25797","Cundinamarca","10"
"595","25799","Cundinamarca","18"
"596","25805","Cundinamarca","1"
"597","25807","Cundinamarca","4"
"598","25815","Cundinamarca","204"
"599","25817","Cundinamarca","59"
"600","25823","Cundinamarca","14"
"601","25839","Cundinamarca","381"
"602","25841","Cundinamarca","0"
"603","25843","Cundinamarca","284"
"604","25845","Cundinamarca","1"
"605","25851","Cundinamarca","13"
"606","25862","Cundinamarca","27"
"607","25867","Cundinamarca","0"
"608","25871","Cundinamarca","17"
"609","25873","Cundinamarca","20"
"610","25875","Cundinamarca","288"
"611","25878","Cundinamarca","51"
"612","25885","Cundinamarca","0"
"613","25898","Cundinamarca","0"
"614","25899","Cundinamarca","684"
"615","27001","Chocó","1198"
"616","27006","Chocó","0"
"617","27025","Chocó","0"
"618","27050","Chocó","25"
"619","27073","Chocó","30"
"620","27075","Chocó","282"
"621","27077","Chocó","110"
"622","27099","Chocó","3"
"623","27135","Chocó","3"
"624","27150","Chocó","78"
"625","27160","Chocó","0"
"626","27205","Chocó","19"
"627","27245","Chocó","2"
"628","27250","Chocó","0"
"629","27361","Chocó","738"
"630","27372","Chocó","0"
"631","27413","Chocó","0"
"632","27425","Chocó","0"
"633","27430","Chocó","0"
"634","27450","Chocó","22"
"635","27491","Chocó","0"
"636","27495","Chocó","0"
"637","27580","Chocó","0"
"638","27600","Chocó","0"
"639","27615","Chocó","356"
"640","27660","Chocó","0"
"641","27745","Chocó","0"
"642","27787","Chocó","55"
"643","27800","Chocó","0"
"644","27810","Chocó","132"
"645","41001","Huila","1216"
"646","41006","Huila","0"
"647","41013","Huila","15"
"648","41016","Huila","183"
"649","41020","Huila","244"
"650","41026","Huila","359"
"651","41078","Huila","282"
"652","41132","Huila","101"
"653","41206","Huila","75"
"654","41244","Huila","3"
"655","41298","Huila","992"
"656","41306","Huila","249"
"657","41319","Huila","38"
"658","41349","Huila","14"
"659","41357","Huila","20"
"660","41359","Huila","22"
"661","41378","Huila","0"
"662","41396","Huila","438"
"663","41483","Huila","11"
"664","41503","Huila","0"
"665","41518","Huila","21"
"666","41524","Huila","97"
"667","41530","Huila","0"
"668","41548","Huila","24"
"669","41551","Huila","1296"
"670","41615","Huila","1812"
"671","41660","Huila","11"
"672","41668","Huila","29"
"673","41676","Huila","0"
"674","41770","Huila","14"
"675","41791","Huila","0"
"676","41797","Huila","0"
"677","41799","Huila","58"
"678","41801","Huila","26"
"679","41807","Huila","25"
"680","41872","Huila","0"
"681","41885","Huila","19"
"682","44001","La Guajira","743"
"683","44035","La Guajira","902"
"684","44078","La Guajira","2"
"685","44090","La Guajira","597"
"686","44098","La Guajira","299"
"687","44110","La Guajira","0"
"688","44279","La Guajira","15"
"689","44378","La Guajira","0"
"690","44420","La Guajira","0"
"691","44430","La Guajira","142"
"692","44560","La Guajira","1376"
"693","44650","La Guajira","322"
"694","44847","La Guajira","2545"
"695","44855","La Guajira","11"
"696","44874","La Guajira","30"
"697","47001","Magdalena","2596"
"698","47030","Magdalena","0"
"699","47053","Magdalena","36"
"700","47058","Magdalena","64"
"701","47161","Magdalena","0"
"702","47170","Magdalena","0"
"703","47189","Magdalena","176"
"704","47205","Magdalena","0"
"705","47245","Magdalena","234"
"706","47258","Magdalena","0"
"707","47268","Magdalena","0"
"708","47288","Magdalena","15"
"709","47318","Magdalena","4"
"710","47460","Magdalena","29"
"711","47541","Magdalena","0"
"712","47545","Magdalena","0"
"713","47551","Magdalena","2"
"714","47555","Magdalena","57"
"715","47570","Magdalena","0"
"716","47605","Magdalena","0"
"717","47660","Magdalena","13"
"718","47675","Magdalena","0"
"719","47692","Magdalena","0"
"720","47703","Magdalena","2"
"721","47707","Magdalena","18"
"722","47720","Magdalena","0"
"723","47745","Magdalena","0"
"724","47798","Magdalena","0"
"725","47960","Magdalena","0"
"726","47980","Magdalena","0"
"727","50001","Meta","4675"
"728","50006","Meta","4274"
"729","50110","Meta","111"
"730","50124","Meta","356"
"731","50150","Meta","95"
"732","50223","Meta","101"
"733","50226","Meta","241"
"734","50245","Meta","188"
"735","50251","Meta","144"
"736","50270","Meta","97"
"737","50287","Meta","63"
"738","50313","Meta","973"
"739","50318","Meta","18"
"740","50325","Meta","270"
"741","50330","Meta","122"
"742","50350","Meta","764"
"743","50370","Meta","782"
"744","50400","Meta","96"
"745","50450","Meta","213"
"746","50568","Meta","1603"
"747","50573","Meta","301"
"748","50577","Meta","290"
"749","50590","Meta","400"
"750","50606","Meta","324"
"751","50680","Meta","169"
"752","50683","Meta","358"
"753","50686","Meta","43"
"754","50689","Meta","562"
"755","50711","Meta","276"
"756","52001","Nariño","2974"
"757","52019","Nariño","6"
"758","52022","Nariño","0"
"759","52036","Nariño","0"
"760","52051","Nariño","0"
"761","52079","Nariño","444"
"762","52083","Nariño","7"
"763","52110","Nariño","17"
"764","52203","Nariño","0"
"765","52207","Nariño","19"
"766","52210","Nariño","0"
"767","52215","Nariño","0"
"768","52224","Nariño","0"
"769","52227","Nariño","0"
"770","52233","Nariño","1"
"771","52240","Nariño","62"
"772","52250","Nariño","0"
"773","52254","Nariño","28"
"774","52256","Nariño","0"
"775","52258","Nariño","20"
"776","52260","Nariño","5"
"777","52287","Nariño","29"
"778","52317","Nariño","0"
"779","52320","Nariño","0"
"780","52323","Nariño","0"
"781","52352","Nariño","0"
"782","52354","Nariño","0"
"783","52356","Nariño","1004"
"784","52378","Nariño","13"
"785","52381","Nariño","0"
"786","52385","Nariño","0"
"787","52390","Nariño","0"
"788","52399","Nariño","142"
"789","52405","Nariño","0"
"790","52411","Nariño","25"
"791","52418","Nariño","20"
"792","52427","Nariño","7"
"793","52435","Nariño","41"
"794","52473","Nariño","4"
"795","52480","Nariño","0"
"796","52490","Nariño","59"
"797","52506","Nariño","0"
"798","52520","Nariño","0"
"799","52540","Nariño","0"
"800","52560","Nariño","7"
"801","52565","Nariño","0"
"802","52573","Nariño","17"
"803","52585","Nariño","0"
"804","52612","Nariño","0"
"805","52621","Nariño","0"
"806","52678","Nariño","30"
"807","52683","Nariño","22"
"808","52685","Nariño","0"
"809","52687","Nariño","27"
"810","52693","Nariño","24"
"811","52694","Nariño","0"
"812","52696","Nariño","0"
"813","52699","Nariño","0"
"814","52720","Nariño","147"
"815","52786","Nariño","0"
"816","52788","Nariño","0"
"817","52835","Nariño","3229"
"818","52838","Nariño","504"
"819","52885","Nariño","0"
"820","54001","Norte de Santander","4685"
"821","54003","Norte de Santander","73"
"822","54051","Norte de Santander","100"
"823","54099","Norte de Santander","105"
"824","54109","Norte de Santander","0"
"825","54125","Norte de Santander","10"
"826","54128","Norte de Santander","0"
"827","54172","Norte de Santander","65"
"828","54174","Norte de Santander","0"
"829","54206","Norte de Santander","233"
"830","54223","Norte de Santander","0"
"831","54239","Norte de Santander","23"
"832","54245","Norte de Santander","42"
"833","54250","Norte de Santander","89"
"834","54261","Norte de Santander","20"
"835","54313","Norte de Santander","493"
"836","54344","Norte de Santander","123"
"837","54347","Norte de Santander","13"
"838","54377","Norte de Santander","12"
"839","54385","Norte de Santander","0"
"840","54398","Norte de Santander","91"
"841","54405","Norte de Santander","299"
"842","54418","Norte de Santander","7"
"843","54480","Norte de Santander","0"
"844","54498","Norte de Santander","972"
"845","54518","Norte de Santander","716"
"846","54520","Norte de Santander","15"
"847","54553","Norte de Santander","0"
"848","54599","Norte de Santander","39"
"849","54660","Norte de Santander","44"
"850","54670","Norte de Santander","46"
"851","54673","Norte de Santander","0"
"852","54680","Norte de Santander","8"
"853","54720","Norte de Santander","84"
"854","54743","Norte de Santander","0"
"855","54800","Norte de Santander","17"
"856","54810","Norte de Santander","255"
"857","54820","Norte de Santander","199"
"858","54871","Norte de Santander","0"
"859","54874","Norte de Santander","185"
"860","63001","Quindio","1872"
"861","63111","Quindio","60"
"862","63130","Quindio","1296"
"863","63190","Quindio","45"
"864","63212","Quindio","19"
"865","63272","Quindio","162"
"866","63302","Quindio","71"
"867","63401","Quindio","73"
"868","63470","Quindio","186"
"869","63548","Quindio","23"
"870","63594","Quindio","134"
"871","63690","Quindio","88"
"872","66001","Risaralda","2948"
"873","66045","Risaralda","45"
"874","66075","Risaralda","33"
"875","66088","Risaralda","52"
"876","66170","Risaralda","661"
"877","66318","Risaralda","16"
"878","66383","Risaralda","24"
"879","66400","Risaralda","71"
"880","66440","Risaralda","33"
"881","66456","Risaralda","282"
"882","66572","Risaralda","0"
"883","66594","Risaralda","31"
"884","66682","Risaralda","588"
"885","66687","Risaralda","53"
"886","68001","Santander","5429"
"887","68013","Santander","13"
"888","68020","Santander","10"
"889","68051","Santander","52"
"890","68077","Santander","30"
"891","68079","Santander","76"
"892","68081","Santander","1590"
"893","68092","Santander","45"
"894","68101","Santander","130"
"895","68121","Santander","16"
"896","68132","Santander","48"
"897","68147","Santander","52"
"898","68152","Santander","0"
"899","68160","Santander","0"
"900","68162","Santander","0"
"901","68167","Santander","101"
"902","68169","Santander","10"
"903","68176","Santander","0"
"904","68179","Santander","5"
"905","68190","Santander","939"
"906","68207","Santander","0"
"907","68209","Santander","13"
"908","68211","Santander","117"
"909","68217","Santander","41"
"910","68229","Santander","53"
"911","68235","Santander","71"
"912","68245","Santander","1"
"913","68250","Santander","2"
"914","68255","Santander","126"
"915","68264","Santander","6"
"916","68266","Santander","12"
"917","68271","Santander","7"
"918","68276","Santander","502"
"919","68296","Santander","16"
"920","68298","Santander","21"
"921","68307","Santander","1869"
"922","68318","Santander","20"
"923","68320","Santander","62"
"924","68322","Santander","0"
"925","68324","Santander","3"
"926","68327","Santander","3"
"927","68344","Santander","0"
"928","68368","Santander","4"
"929","68370","Santander","0"
"930","68377","Santander","5"
"931","68385","Santander","7"
"932","68397","Santander","3"
"933","68406","Santander","44"
"934","68418","Santander","30"
"935","68425","Santander","0"
"936","68432","Santander","317"
"937","68444","Santander","29"
"938","68464","Santander","52"
"939","68468","Santander","0"
"940","68498","Santander","0"
"941","68500","Santander","0"
"942","68502","Santander","27"
"943","68522","Santander","9"
"944","68524","Santander","35"
"945","68533","Santander","0"
"946","68547","Santander","765"
"947","68549","Santander","51"
"948","68572","Santander","135"
"949","68573","Santander","0"
"950","68575","Santander","0"
"951","68615","Santander","33"
"952","68655","Santander","127"
"953","68669","Santander","50"
"954","68673","Santander","1"
"955","68679","Santander","621"
"956","68682","Santander","0"
"957","68684","Santander","21"
"958","68686","Santander","0"
"959","68689","Santander","667"
"960","68705","Santander","0"
"961","68720","Santander","6"
"962","68745","Santander","83"
"963","68755","Santander","1022"
"964","68770","Santander","32"
"965","68773","Santander","6"
"966","68780","Santander","0"
"967","68820","Santander","0"
"968","68855","Santander","0"
"969","68861","Santander","994"
"970","68867","Santander","0"
"971","68872","Santander","13"
"972","68895","Santander","132"
"973","70001","Sucre","1397"
"974","70110","Sucre","2"
"975","70124","Sucre","0"
"976","70204","Sucre","0"
"977","70215","Sucre","502"
"978","70221","Sucre","1960"
"979","70230","Sucre","0"
"980","70233","Sucre","0"
"981","70235","Sucre","0"
"982","70265","Sucre","0"
"983","70400","Sucre","0"
"984","70418","Sucre","0"
"985","70429","Sucre","0"
"986","70473","Sucre","4"
"987","70508","Sucre","0"
"988","70523","Sucre","0"
"989","70670","Sucre","0"
"990","70678","Sucre","0"
"991","70702","Sucre","2"
"992","70708","Sucre","25"
"993","70713","Sucre","0"
"994","70717","Sucre","19"
"995","70742","Sucre","0"
"996","70771","Sucre","0"
"997","70820","Sucre","0"
"998","70823","Sucre","0"
"999","73001","Tolima","6627"
"1000","73024","Tolima","19"
"1001","73026","Tolima","0"
"1002","73030","Tolima","0"
"1003","73043","Tolima","67"
"1004","73055","Tolima","114"
"1005","73067","Tolima","19"
"1006","73124","Tolima","49"
"1007","73148","Tolima","29"
"1008","73152","Tolima","0"
"1009","73168","Tolima","574"
"1010","73200","Tolima","0"
"1011","73217","Tolima","0"
"1012","73226","Tolima","0"
"1013","73236","Tolima","12"
"1014","73268","Tolima","809"
"1015","73270","Tolima","0"
"1016","73275","Tolima","25"
"1017","73283","Tolima","144"
"1018","73319","Tolima","152"
"1019","73347","Tolima","7"
"1020","73349","Tolima","863"
"1021","73352","Tolima","78"
"1022","73408","Tolima","113"
"1023","73411","Tolima","376"
"1024","73443","Tolima","107"
"1025","73449","Tolima","363"
"1026","73461","Tolima","41"
"1027","73483","Tolima","18"
"1028","73504","Tolima","3"
"1029","73520","Tolima","22"
"1030","73547","Tolima","56"
"1031","73555","Tolima","54"
"1032","73563","Tolima","0"
"1033","73585","Tolima","221"
"1034","73616","Tolima","25"
"1035","73622","Tolima","68"
"1036","73624","Tolima","0"
"1037","73671","Tolima","21"
"1038","73675","Tolima","36"
"1039","73678","Tolima","0"
"1040","73686","Tolima","102"
"1041","73770","Tolima","0"
"1042","73854","Tolima","0"
"1043","73861","Tolima","23"
"1044","73870","Tolima","10"
"1045","73873","Tolima","16"
"1046","76001","Valle del Cauca","11484"
"1047","76020","Valle del Cauca","21"
"1048","76036","Valle del Cauca","15"
"1049","76041","Valle del Cauca","17"
"1050","76054","Valle del Cauca","0"
"1051","76100","Valle del Cauca","55"
"1052","76109","Valle del Cauca","1524"
"1053","76111","Valle del Cauca","1740"
"1054","76113","Valle del Cauca","22"
"1055","76122","Valle del Cauca","225"
"1056","76126","Valle del Cauca","38"
"1057","76130","Valle del Cauca","35"
"1058","76147","Valle del Cauca","1408"
"1059","76233","Valle del Cauca","115"
"1060","76243","Valle del Cauca","20"
"1061","76246","Valle del Cauca","0"
"1062","76248","Valle del Cauca","54"
"1063","76250","Valle del Cauca","17"
"1064","76275","Valle del Cauca","0"
"1065","76306","Valle del Cauca","113"
"1066","76318","Valle del Cauca","185"
"1067","76364","Valle del Cauca","4681"
"1068","76377","Valle del Cauca","40"
"1069","76400","Valle del Cauca","21"
"1070","76403","Valle del Cauca","12"
"1071","76497","Valle del Cauca","0"
"1072","76520","Valle del Cauca","3469"
"1073","76563","Valle del Cauca","46"
"1074","76606","Valle del Cauca","18"
"1075","76616","Valle del Cauca","18"
"1076","76622","Valle del Cauca","192"
"1077","76670","Valle del Cauca","0"
"1078","76736","Valle del Cauca","275"
"1079","76823","Valle del Cauca","23"
"1080","76828","Valle del Cauca","42"
"1081","76834","Valle del Cauca","1397"
"1082","76845","Valle del Cauca","72"
"1083","76863","Valle del Cauca","0"
"1084","76869","Valle del Cauca","25"
"1085","76890","Valle del Cauca","6"
"1086","76892","Valle del Cauca","172"
"1087","76895","Valle del Cauca","48"
"1088","81001","Arauca","1098"
"1089","81065","Arauca","475"
"1090","81220","Arauca","0"
"1091","81300","Arauca","98"
"1092","81591","Arauca","24"
"1093","81736","Arauca","606"
"1094","81794","Arauca","456"
"1095","85001","Casanare","2464"
"1096","85010","Casanare","32"
"1097","85015","Casanare","52"
"1098","85125","Casanare","446"
"1099","85136","Casanare","53"
"1100","85139","Casanare","442"
"1101","85162","Casanare","25"
"1102","85225","Casanare","67"
"1103","85230","Casanare","204"
"1104","85250","Casanare","490"
"1105","85263","Casanare","0"
"1106","85279","Casanare","17"
"1107","85300","Casanare","41"
"1108","85315","Casanare","0"
"1109","85325","Casanare","101"
"1110","85400","Casanare","222"
"1111","85410","Casanare","421"
"1112","85430","Casanare","151"
"1113","85440","Casanare","36"
"1114","86001","Putumayo","585"
"1115","86219","Putumayo","5"
"1116","86320","Putumayo","359"
"1117","86568","Putumayo","1336"
"1118","86569","Putumayo","40"
"1119","86571","Putumayo","675"
"1120","86573","Putumayo","1548"
"1121","86749","Putumayo","34"
"1122","86755","Putumayo","12"
"1123","86757","Putumayo","151"
"1124","86760","Putumayo","17"
"1125","86865","Putumayo","305"
"1126","86885","Putumayo","653"
"1127","88001","Archipiélago de San Andrés","465"
"1128","88564","Archipiélago de San Andrés","0"
"1129","91001","Amazonas","1590"
"1130","91263","Amazonas","248"
"1131","91405","Amazonas","598"
"1132","91407","Amazonas","271"
"1133","91430","Amazonas","0"
"1134","91460","Amazonas","173"
"1135","91530","Amazonas","0"
"1136","91536","Amazonas","28"
"1137","91540","Amazonas","431"
"1138","91669","Amazonas","171"
"1139","91798","Amazonas","348"
"1140","94001","Guainía","3102"
"1141","94343","Guainía","2051"
"1142","94663","Guainía","283"
"1143","94883","Guainía","317"
"1144","94884","Guainía","429"
"1145","94885","Guainía","65"
"1146","94886","Guainía","232"
"1147","94887","Guainía","213"
"1148","94888","Guainía","157"
"1149","95001","Guaviare","3035"
"1150","95015","Guaviare","748"
"1151","95025","Guaviare","1287"
"1152","95200","Guaviare","984"
"1153","97001","Vaupés","6067"
"1154","97161","Vaupés","791"
"1155","97511","Vaupés","1091"
"1156","97666","Vaupés","429"
"1157","97777","Vaupés","0"
"1158","97889","Vaupés","349"
"1159","99001","Vichada","843"
"1160","99524","Vichada","812"
"1161","99624","Vichada","398"
"1162","99773","Vichada","3184"
